Gene id, position, RFPprob
YDR473C  4 7.15922107675e-05
YDR473C  9 0.0
YDR473C  11 0.000357961053837
YDR473C  12 0.00028636884307
YDR473C  20 0.0
YDR473C  23 0.0
YDR473C  29 0.0
YDR473C  38 0.0
YDR473C  45 0.0
YDR473C  47 0.0
YDR473C  48 0.000143184421535
YDR473C  52 0.0
YDR473C  55 0.000214776632302
YDR473C  57 7.15922107675e-05
YDR473C  61 0.0
YDR473C  64 0.000429553264605
YDR473C  71 0.00028636884307
YDR473C  75 0.000501145475372
YDR473C  77 0.0
YDR473C  95 7.15922107675e-05
YDR473C  99 0.000143184421535
YDR473C  101 7.15922107675e-05
YDR473C  105 7.15922107675e-05
YDR473C  106 0.0
YDR473C  107 0.0
YDR473C  108 0.000143184421535
YDR473C  109 7.15922107675e-05
YDR473C  111 7.15922107675e-05
YDR473C  112 0.0
YDR473C  119 0.000143184421535
YDR473C  124 0.000715922107675
YDR473C  125 0.000143184421535
YDR473C  126 0.000143184421535
YDR473C  132 0.0
YDR473C  137 0.0
YDR473C  138 7.15922107675e-05
YDR473C  139 0.0
YDR473C  141 0.000143184421535
YDR473C  145 7.15922107675e-05
YDR473C  149 0.000143184421535
YDR473C  156 0.0
YDR473C  161 7.15922107675e-05
YDR473C  163 0.000214776632302
YDR473C  167 0.000143184421535
YDR473C  170 0.0
YDR473C  176 0.000214776632302
YDR473C  184 0.0
YDR473C  185 0.0
YDR473C  186 0.000143184421535
YDR473C  188 7.15922107675e-05
YDR473C  190 0.00028636884307
YDR473C  197 0.0
YDR473C  200 0.0
YDR473C  201 0.0
YDR473C  203 7.15922107675e-05
YDR473C  204 0.0
YDR473C  205 0.000143184421535
YDR473C  208 0.0
YDR473C  209 7.15922107675e-05
YDR473C  212 0.0
YDR473C  216 0.0
YDR473C  218 0.0
YDR473C  223 7.15922107675e-05
YDR473C  230 0.0
YDR473C  233 0.00028636884307
YDR473C  234 0.00143184421535
YDR473C  238 0.000214776632302
YDR473C  239 0.000143184421535
YDR473C  240 0.000357961053837
YDR473C  241 0.000214776632302
YDR473C  243 0.000644329896907
YDR473C  246 0.000143184421535
YDR473C  248 0.0
YDR473C  249 0.000214776632302
YDR473C  250 0.000644329896907
YDR473C  255 7.15922107675e-05
YDR473C  266 0.000143184421535
YDR473C  270 0.000214776632302
YDR473C  271 0.0
YDR473C  273 0.0
YDR473C  274 0.00028636884307
YDR473C  276 0.000214776632302
YDR473C  277 0.00057273768614
YDR473C  278 0.00150343642612
YDR473C  283 0.0
YDR473C  285 7.15922107675e-05
YDR473C  296 0.0
YDR473C  298 0.000143184421535
YDR473C  299 0.000143184421535
YDR473C  305 0.0
YDR473C  309 0.0
YDR473C  311 0.000143184421535
YDR473C  314 7.15922107675e-05
YDR473C  320 0.0
YDR473C  333 0.0
YDR473C  334 0.0
YDR473C  335 7.15922107675e-05
YDR473C  347 0.000214776632302
YDR473C  348 0.0
YDR473C  349 0.0
YDR473C  353 0.000143184421535
YDR473C  354 0.0
YDR473C  355 7.15922107675e-05
YDR473C  357 0.000214776632302
YDR473C  359 0.0
YDR473C  362 0.0
YDR473C  368 0.0
YDR473C  369 0.000214776632302
YNL084C  4 0.000143184421535
YNL084C  5 0.00207617411226
YNL084C  7 0.00028636884307
YNL084C  8 0.00171821305842
YNL084C  11 0.00028636884307
YNL084C  16 0.00178980526919
YNL084C  17 0.000214776632302
YNL084C  18 0.00121706758305
YNL084C  20 0.00028636884307
YNL084C  23 0.00136025200458
YNL084C  28 0.00214776632302
YNL084C  29 0.00322164948454
YNL084C  30 0.000930698739977
YNL084C  33 0.00150343642612
YNL084C  41 0.0
YNL084C  46 0.00028636884307
YNL084C  52 0.00028636884307
YNL084C  54 0.000930698739977
YNL084C  64 0.000214776632302
YNL084C  65 0.000143184421535
YNL084C  67 0.000143184421535
YNL084C  69 0.00250572737686
YNL084C  72 0.00272050400916
YNL084C  78 0.000143184421535
YNL084C  79 0.00343642611684
YNL084C  80 7.15922107675e-05
YNL084C  83 0.00150343642612
YNL084C  86 0.00028636884307
YNL084C  88 0.000429553264605
YNL084C  95 0.0
YNL084C  96 7.15922107675e-05
YNL084C  99 0.000143184421535
YNL084C  102 0.00343642611684
YNL084C  108 0.000214776632302
YNL084C  112 0.00128865979381
YNL084C  115 0.00250572737686
YNL084C  118 0.00121706758305
YNL084C  123 0.000143184421535
YNL084C  124 0.00107388316151
YNL084C  127 0.00028636884307
YNL084C  129 0.00243413516609
YNL084C  132 0.000501145475372
YNL084C  136 0.000429553264605
YNL084C  142 0.0
YNL084C  144 0.00085910652921
YNL084C  147 0.00315005727377
YNL084C  148 0.00085910652921
YNL084C  152 0.00236254295533
YNL084C  153 0.00207617411226
YNL084C  157 0.000357961053837
YNL084C  162 0.000143184421535
YNL084C  163 0.00207617411226
YNL084C  171 0.00186139747995
YNL084C  172 7.15922107675e-05
YNL084C  177 0.000715922107675
YNL084C  179 0.000429553264605
YNL084C  180 0.000357961053837
YNL084C  181 0.000644329896907
YNL084C  184 0.000501145475372
YNL084C  188 7.15922107675e-05
YNL084C  194 0.00164662084765
YNL084C  197 0.00057273768614
YNL084C  202 0.000214776632302
YNL084C  203 0.00178980526919
YNL084C  209 0.000787514318442
YNL084C  210 0.000501145475372
YNL084C  212 0.000357961053837
YNL084C  213 0.000357961053837
YNL084C  214 0.00250572737686
YNL084C  218 0.000214776632302
YNL084C  221 0.000715922107675
YNL084C  222 0.000715922107675
YNL084C  225 0.00100229095074
YNL084C  226 0.000143184421535
YNL084C  235 0.000143184421535
YNL084C  237 0.00128865979381
YNL084C  239 0.00028636884307
YNL084C  242 0.00028636884307
YNL084C  245 0.0
YNL084C  248 0.00028636884307
YER022W  1 0.0
YER022W  3 0.0
YER022W  4 0.0
YER022W  5 0.0
YER022W  6 0.000143184421535
YER022W  9 0.000214776632302
YER022W  10 0.000501145475372
YER022W  12 0.000715922107675
YER022W  18 7.15922107675e-05
YER022W  25 0.0
YER022W  29 0.00057273768614
YER022W  30 7.15922107675e-05
YER022W  34 0.0
YER022W  39 0.0
YER022W  40 0.000429553264605
YER022W  43 0.000429553264605
YER022W  44 0.000143184421535
YER022W  47 0.0
YER022W  50 0.000429553264605
YER022W  54 0.0
YER022W  56 0.000143184421535
YER022W  58 0.00028636884307
YER022W  62 7.15922107675e-05
YER022W  63 0.000357961053837
YER022W  66 0.000143184421535
YER022W  68 7.15922107675e-05
YER022W  70 0.0026489117984
YER022W  71 0.000787514318442
YER022W  72 0.000214776632302
YER022W  74 0.000143184421535
YER022W  79 0.0
YER022W  81 0.000429553264605
YER022W  88 0.00028636884307
YER022W  89 0.000143184421535
YER022W  93 7.15922107675e-05
YER022W  97 0.00028636884307
YER022W  99 0.000143184421535
YER022W  104 0.000715922107675
YER022W  105 0.000357961053837
YER022W  106 0.000357961053837
YER022W  110 0.000143184421535
YER022W  113 0.0
YER022W  116 7.15922107675e-05
YER022W  129 0.00028636884307
YER022W  143 0.000143184421535
YER022W  146 0.0
YER022W  155 7.15922107675e-05
YER022W  157 0.0
YER022W  160 0.000143184421535
YER022W  170 0.000143184421535
YER022W  173 7.15922107675e-05
YER022W  177 0.0
YER022W  178 0.0
YER022W  180 0.000787514318442
YER022W  182 0.000143184421535
YER022W  185 0.0
YER022W  189 7.15922107675e-05
YER022W  190 0.0
YER022W  198 0.0
YER022W  203 0.000214776632302
YER022W  204 0.0
YER022W  206 0.0
YER022W  211 0.0
YER022W  214 0.000143184421535
YER022W  218 7.15922107675e-05
YER022W  219 7.15922107675e-05
YER022W  220 0.0
YER022W  224 0.0
YER022W  226 0.0
YER022W  228 0.000214776632302
YER022W  232 0.0
YER022W  233 0.0
YER022W  234 0.0
YER022W  238 0.000214776632302
YER022W  245 0.0
YER022W  249 0.000143184421535
YER022W  250 0.0
YER022W  258 7.15922107675e-05
YER022W  264 0.0
YER022W  267 0.0
YER022W  271 0.000143184421535
YER022W  275 0.000501145475372
YER022W  280 7.15922107675e-05
YER022W  283 7.15922107675e-05
YER022W  286 7.15922107675e-05
YER022W  290 0.0
YER022W  292 0.0
YER022W  293 0.000143184421535
YER022W  297 0.0
YER022W  301 7.15922107675e-05
YER022W  302 0.000143184421535
YER022W  310 0.000143184421535
YER022W  312 7.15922107675e-05
YER022W  313 0.0
YER022W  314 7.15922107675e-05
YER022W  322 0.00028636884307
YER022W  324 0.0
YER022W  325 0.0
YER022W  327 0.0
YER022W  328 0.000143184421535
YER022W  329 0.000214776632302
YER022W  330 0.0
YER022W  334 7.15922107675e-05
YER022W  335 0.0
YER022W  341 0.000143184421535
YER022W  344 0.0
YER022W  346 0.000214776632302
YER022W  361 0.00028636884307
YER022W  363 0.0
YER022W  364 0.000214776632302
YER022W  371 0.000214776632302
YER022W  376 7.15922107675e-05
YER022W  383 0.000143184421535
YER022W  389 0.0
YER022W  391 0.0
YER022W  394 0.0
YER022W  396 7.15922107675e-05
YER022W  397 0.0
YER022W  399 7.15922107675e-05
YER022W  417 0.000143184421535
YER022W  421 0.000143184421535
YER022W  428 0.0
YER022W  429 0.000214776632302
YER022W  430 0.000143184421535
YER022W  431 0.0
YER022W  437 7.15922107675e-05
YER022W  438 7.15922107675e-05
YER022W  439 0.000143184421535
YER022W  443 0.0
YER022W  450 7.15922107675e-05
YER022W  456 0.000214776632302
YER022W  461 7.15922107675e-05
YER022W  463 0.000214776632302
YER022W  464 7.15922107675e-05
YER022W  466 7.15922107675e-05
YER022W  467 0.0
YER022W  468 0.0
YER022W  478 0.000214776632302
YER022W  484 0.0
YER022W  486 0.0
YER022W  490 0.000214776632302
YER022W  492 0.0
YER022W  493 7.15922107675e-05
YER022W  503 7.15922107675e-05
YER022W  504 0.0
YER022W  507 0.000214776632302
YER022W  515 0.0
YER022W  517 7.15922107675e-05
YER022W  522 0.0
YER022W  526 7.15922107675e-05
YER022W  535 0.0
YER022W  539 0.000357961053837
YER022W  541 0.0
YER022W  542 7.15922107675e-05
YER022W  544 0.0
YER022W  546 0.0
YER022W  547 7.15922107675e-05
YER022W  548 0.000357961053837
YER022W  553 0.00028636884307
YER022W  556 0.0
YER022W  558 0.000501145475372
YER022W  566 0.0
YER022W  575 0.0
YER022W  582 0.0
YER022W  583 0.0
YER022W  584 0.0
YER022W  585 0.00028636884307
YER022W  586 7.15922107675e-05
YER022W  587 0.00028636884307
YJR138W  3 0.0
YJR138W  9 0.0
YJR138W  12 0.000143184421535
YJR138W  18 0.000214776632302
YJR138W  26 0.000429553264605
YJR138W  27 0.0
YJR138W  32 7.15922107675e-05
YJR138W  40 0.0
YJR138W  43 0.0
YJR138W  47 7.15922107675e-05
YJR138W  48 0.000143184421535
YJR138W  49 0.000143184421535
YJR138W  50 0.000143184421535
YJR138W  58 7.15922107675e-05
YJR138W  61 7.15922107675e-05
YJR138W  66 7.15922107675e-05
YJR138W  78 7.15922107675e-05
YJR138W  79 0.000429553264605
YJR138W  80 0.0
YJR138W  84 7.15922107675e-05
YJR138W  88 0.000429553264605
YJR138W  90 0.0
YJR138W  97 0.0
YJR138W  98 0.0
YJR138W  103 0.000143184421535
YJR138W  105 7.15922107675e-05
YJR138W  106 7.15922107675e-05
YJR138W  111 0.0
YJR138W  113 0.0
YJR138W  120 0.0
YJR138W  127 0.000214776632302
YJR138W  128 7.15922107675e-05
YJR138W  130 0.000214776632302
YJR138W  132 0.0
YJR138W  133 0.000357961053837
YJR138W  136 0.000357961053837
YJR138W  137 0.000143184421535
YJR138W  139 7.15922107675e-05
YJR138W  145 0.0
YJR138W  150 0.0
YJR138W  151 7.15922107675e-05
YJR138W  154 7.15922107675e-05
YJR138W  157 0.000214776632302
YJR138W  158 0.000143184421535
YJR138W  162 0.000143184421535
YJR138W  167 0.0
YJR138W  169 0.000214776632302
YJR138W  173 0.000501145475372
YJR138W  184 7.15922107675e-05
YJR138W  187 0.0
YJR138W  191 0.0
YJR138W  198 0.0
YJR138W  201 0.0
YJR138W  202 0.0
YJR138W  209 0.0
YJR138W  210 0.0
YJR138W  211 0.0
YJR138W  217 0.0
YJR138W  218 7.15922107675e-05
YJR138W  221 0.0
YJR138W  222 0.0
YJR138W  224 0.0
YJR138W  236 0.0
YJR138W  240 0.0
YJR138W  252 0.0
YJR138W  253 0.0
YJR138W  256 0.0
YJR138W  260 0.0
YJR138W  261 0.0
YJR138W  265 0.0
YJR138W  266 0.0
YJR138W  269 0.0
YJR138W  281 7.15922107675e-05
YJR138W  284 0.0
YJR138W  287 0.0
YJR138W  288 0.0
YJR138W  289 0.0
YJR138W  290 7.15922107675e-05
YJR138W  291 0.0
YJR138W  292 0.000143184421535
YJR138W  299 0.000143184421535
YJR138W  305 0.0
YJR138W  306 0.0
YJR138W  310 0.0
YJR138W  317 0.0
YJR138W  321 0.0
YJR138W  322 0.00028636884307
YJR138W  325 7.15922107675e-05
YJR138W  326 0.0
YJR138W  328 0.0
YJR138W  330 7.15922107675e-05
YJR138W  331 0.0
YJR138W  334 0.0
YJR138W  335 0.0
YJR138W  341 0.0
YJR138W  344 0.0
YJR138W  349 0.0
YJR138W  354 7.15922107675e-05
YJR138W  357 0.0
YJR138W  361 7.15922107675e-05
YJR138W  366 7.15922107675e-05
YJR138W  368 0.0
YJR138W  371 0.0
YJR138W  376 7.15922107675e-05
YJR138W  378 0.0
YJR138W  381 0.0
YJR138W  384 0.0
YJR138W  386 0.000143184421535
YJR138W  390 0.0
YJR138W  391 0.0
YJR138W  393 0.000143184421535
YJR138W  394 0.000214776632302
YJR138W  395 0.000143184421535
YJR138W  397 0.0
YJR138W  407 7.15922107675e-05
YJR138W  408 0.0
YJR138W  411 7.15922107675e-05
YJR138W  413 0.0
YJR138W  418 0.0
YJR138W  420 0.0
YJR138W  426 0.000214776632302
YJR138W  437 7.15922107675e-05
YJR138W  439 0.000143184421535
YJR138W  440 0.0
YJR138W  445 0.0
YJR138W  446 7.15922107675e-05
YJR138W  447 0.0
YJR138W  448 0.0
YJR138W  459 0.000143184421535
YJR138W  467 0.0
YJR138W  476 7.15922107675e-05
YJR138W  478 0.0
YJR138W  480 7.15922107675e-05
YJR138W  485 0.0
YJR138W  487 0.0
YJR138W  493 0.000214776632302
YJR138W  496 0.0
YJR138W  497 7.15922107675e-05
YJR138W  499 0.0
YJR138W  501 7.15922107675e-05
YJR138W  502 7.15922107675e-05
YJR138W  509 0.0
YJR138W  511 0.0
YJR138W  519 7.15922107675e-05
YJR138W  523 0.0
YJR138W  524 0.0
YJR138W  527 0.0
YJR138W  528 0.0
YJR138W  530 0.0
YJR138W  532 0.0
YJR138W  533 7.15922107675e-05
YJR138W  536 0.0
YJR138W  537 7.15922107675e-05
YJR138W  549 0.0
YJR138W  550 0.0
YJR138W  551 0.0
YJR138W  556 0.0
YJR138W  565 0.0
YJR138W  569 0.0
YJR138W  578 0.0
YJR138W  582 0.0
YJR138W  583 0.000143184421535
YJR138W  584 7.15922107675e-05
YJR138W  585 0.000143184421535
YJR138W  590 0.0
YJR138W  591 7.15922107675e-05
YJR138W  593 0.0
YJR138W  595 0.0
YJR138W  599 0.000214776632302
YJR138W  600 7.15922107675e-05
YJR138W  604 0.0
YJR138W  607 0.0
YJR138W  616 7.15922107675e-05
YJR138W  626 0.0
YJR138W  630 0.000214776632302
YJR138W  632 7.15922107675e-05
YJR138W  633 7.15922107675e-05
YJR138W  634 0.0
YJR138W  635 0.000214776632302
YJR138W  636 0.0
YJR138W  644 0.0
YJR138W  646 0.0
YJR138W  655 0.0
YJR138W  658 0.000143184421535
YJR138W  659 0.0
YJR138W  662 7.15922107675e-05
YJR138W  664 0.0
YJR138W  666 0.0
YJR138W  668 0.000143184421535
YJR138W  671 0.0
YJR138W  672 0.0
YJR138W  677 0.0
YJR138W  679 0.0
YJR138W  690 0.0
YJR138W  703 0.0
YJR138W  716 0.0
YJR138W  724 0.0
YJR138W  728 0.0
YJR138W  729 0.0
YJR138W  732 7.15922107675e-05
YJR138W  736 0.0
YJR138W  738 0.0
YJR138W  739 0.0
YJR138W  742 7.15922107675e-05
YJR138W  743 0.0
YJR138W  749 0.0
YJR138W  750 0.0
YJR138W  757 0.0
YJR138W  764 0.0
YJR138W  770 7.15922107675e-05
YJR138W  773 0.0
YJR138W  776 0.0
YJR138W  779 0.000143184421535
YJR138W  787 0.000143184421535
YJR138W  792 0.000143184421535
YJR138W  796 0.0
YJR138W  797 0.0
YJR138W  801 0.0
YJR138W  803 0.000214776632302
YJR138W  805 0.0
YJR138W  806 0.000143184421535
YJR138W  807 0.0
YJR138W  809 7.15922107675e-05
YJR138W  810 0.000143184421535
YJR138W  811 0.0
YJR138W  813 0.0
YJR138W  817 0.0
YJR138W  819 7.15922107675e-05
YJR138W  822 7.15922107675e-05
YJR138W  824 0.0
YJR138W  825 0.0
YJR138W  827 0.0
YJR138W  830 0.0
YJR138W  837 0.0
YJR138W  838 0.0
YJR138W  843 7.15922107675e-05
YJR138W  844 0.000143184421535
YJR138W  849 0.0
YJR138W  850 7.15922107675e-05
YJR138W  852 0.00028636884307
YJR138W  854 0.000644329896907
YJR138W  855 0.0
YJR138W  863 7.15922107675e-05
YJR138W  873 7.15922107675e-05
YJR138W  874 0.0
YJR138W  877 0.0
YJR138W  880 0.0
YJR138W  882 7.15922107675e-05
YJR138W  890 0.000143184421535
YJR138W  895 0.0
YJR138W  903 0.0
YJR138W  906 0.0
YJR138W  907 0.0
YJR138W  909 0.0
YJR138W  914 0.0
YJR138W  917 0.0
YJR138W  920 0.0
YJR138W  921 0.0
YJR138W  927 0.0
YJR138W  931 7.15922107675e-05
YJR138W  938 0.0
YJR138W  939 7.15922107675e-05
YJR138W  944 0.000214776632302
YJR138W  946 0.00028636884307
YJR138W  953 0.0
YJR138W  956 7.15922107675e-05
YJR138W  958 0.0
YJR138W  959 0.0
YJR138W  966 0.0
YJR138W  967 7.15922107675e-05
YJR138W  970 0.0
YJR138W  971 0.0
YJR138W  974 0.0
YJR138W  975 7.15922107675e-05
YJR138W  977 0.000143184421535
YJR138W  981 0.0
YJR138W  982 0.0
YJR138W  984 0.0
YJR138W  986 0.0
YJR138W  987 0.0
YJR138W  990 0.0
YJR138W  996 0.0
YJR138W  1004 0.0
YJR138W  1005 7.15922107675e-05
YJR138W  1008 0.0
YJR138W  1021 0.0
YJR138W  1022 7.15922107675e-05
YJR138W  1033 0.000143184421535
YJR138W  1037 0.0
YJR138W  1042 7.15922107675e-05
YJR138W  1051 7.15922107675e-05
YJR138W  1054 0.0
YJR138W  1059 0.0
YJR138W  1060 0.0
YJR138W  1072 0.0
YJR138W  1078 0.0
YJR138W  1080 7.15922107675e-05
YJR138W  1083 0.0
YJR138W  1090 0.0
YJR138W  1094 0.0
YJR138W  1096 0.0
YJR138W  1097 0.000143184421535
YJR138W  1100 0.0
YJR138W  1106 0.0
YJR138W  1110 0.0
YJR138W  1113 0.000214776632302
YJR138W  1114 0.0
YJR138W  1116 0.0
YJR138W  1117 0.0
YJR138W  1127 7.15922107675e-05
YJR138W  1130 0.0
YJR138W  1133 0.0
YJR138W  1135 0.0
YJR138W  1137 0.0
YJR138W  1139 0.0
YJR138W  1145 7.15922107675e-05
YJR138W  1146 0.000143184421535
YJR138W  1147 7.15922107675e-05
YJR138W  1151 7.15922107675e-05
YJR138W  1155 0.0
YJR138W  1159 0.0
YJR138W  1160 0.0
YJR138W  1166 0.000214776632302
YJR138W  1170 0.0
YJR138W  1186 0.0
YJR138W  1188 0.0
YJR138W  1194 0.0
YJR138W  1195 7.15922107675e-05
YJR138W  1196 0.000143184421535
YJR138W  1197 0.0
YJR138W  1208 0.000143184421535
YJR138W  1209 0.0
YJR138W  1210 0.0
YJR138W  1236 0.0
YJR138W  1243 0.000143184421535
YJR138W  1245 0.0
YJR138W  1249 0.0
YJR138W  1250 0.0
YJR138W  1252 0.0
YJR138W  1255 0.0
YJR138W  1260 0.0
YJR138W  1263 7.15922107675e-05
YJR138W  1266 0.0
YJR138W  1271 0.0
YJR138W  1272 0.0
YJR138W  1275 0.0
YJR138W  1276 0.0
YJR138W  1278 0.0
YJR138W  1288 0.0
YJR138W  1291 0.0
YJR138W  1292 7.15922107675e-05
YJR138W  1293 0.0
YJR138W  1297 0.0
YJR138W  1300 0.0
YJR138W  1304 0.0
YJR138W  1318 0.0
YJR138W  1320 0.0
YJR138W  1325 0.0
YJR138W  1327 0.0
YJR138W  1330 0.0
YJR138W  1333 0.0
YJR138W  1336 0.0
YJR138W  1341 0.0
YJR138W  1345 0.0
YJR138W  1346 7.15922107675e-05
YJR138W  1347 0.0
YJR138W  1358 0.0
YJR138W  1363 7.15922107675e-05
YJR138W  1372 0.0
YJR138W  1378 0.0
YJR138W  1380 0.000143184421535
YJR138W  1381 0.0
YJR138W  1386 0.0
YJR138W  1393 0.000357961053837
YJR138W  1394 0.000143184421535
YJR138W  1399 0.0
YJR138W  1402 0.0
YJR138W  1403 0.0
YJR138W  1404 7.15922107675e-05
YJR138W  1412 0.000143184421535
YJR138W  1422 0.0
YJR138W  1423 0.0
YJR138W  1429 0.0
YJR138W  1431 0.0
YJR138W  1432 0.0
YJR138W  1433 0.00028636884307
YJR138W  1435 0.0
YJR138W  1439 0.0
YJR138W  1447 0.0
YJR138W  1449 0.0
YJR138W  1451 7.15922107675e-05
YJR138W  1452 0.0
YJR138W  1463 0.000357961053837
YJR138W  1464 0.0
YJR138W  1466 7.15922107675e-05
YJR138W  1473 0.000143184421535
YJR138W  1479 0.0
YJR138W  1480 0.000143184421535
YJR138W  1484 0.0
YHR020W  3 0.00830469644903
YHR020W  4 0.00250572737686
YHR020W  14 0.006156930126
YHR020W  16 0.00357961053837
YHR020W  18 0.00522623138603
YHR020W  24 0.00236254295533
YHR020W  33 0.00501145475372
YHR020W  37 0.00200458190149
YHR020W  39 0.0032932416953
YHR020W  41 0.00715922107675
YHR020W  43 0.00143184421535
YHR020W  46 0.000930698739977
YHR020W  48 0.0234822451317
YHR020W  50 0.00136025200458
YHR020W  57 0.00529782359679
YHR020W  59 0.0026489117984
YHR020W  60 0.00272050400916
YHR020W  62 0.00651489117984
YHR020W  63 0.00164662084765
YHR020W  64 0.006156930126
YHR020W  67 0.0057273768614
YHR020W  87 0.00085910652921
YHR020W  94 0.00186139747995
YHR020W  96 0.0123854524628
YHR020W  100 0.00579896907216
YHR020W  101 0.000930698739977
YHR020W  102 0.00959335624284
YHR020W  105 0.0179696449026
YHR020W  113 0.0182560137457
YHR020W  117 0.00107388316151
YHR020W  119 0.000787514318442
YHR020W  127 0.000644329896907
YHR020W  130 0.00408075601375
YHR020W  132 0.003078465063
YHR020W  138 0.00608533791523
YHR020W  139 0.00658648339061
YHR020W  140 0.00894902634593
YHR020W  145 0.000357961053837
YHR020W  150 0.00178980526919
YHR020W  156 0.0115979381443
YHR020W  157 0.00730240549828
YHR020W  160 0.0110252004582
YHR020W  162 0.0151059564719
YHR020W  164 0.00207617411226
YHR020W  170 0.00343642611684
YHR020W  186 0.00057273768614
YHR020W  187 0.00114547537228
YHR020W  191 0.000787514318442
YHR020W  206 0.0191151202749
YHR020W  210 0.00357961053837
YHR020W  212 0.00272050400916
YHR020W  216 0.00143184421535
YHR020W  217 0.00178980526919
YHR020W  221 0.00773195876289
YHR020W  227 0.00966494845361
YHR020W  228 0.000357961053837
YHR020W  230 0.000644329896907
YHR020W  241 0.00128865979381
YHR020W  244 0.00143184421535
YHR020W  247 0.00121706758305
YHR020W  251 0.00293528064147
YHR020W  252 0.00694444444444
YHR020W  259 0.000501145475372
YHR020W  260 0.00236254295533
YHR020W  262 0.00193298969072
YHR020W  275 0.00336483390607
YHR020W  276 0.00451030927835
YHR020W  278 0.00315005727377
YHR020W  281 0.00651489117984
YHR020W  284 0.000930698739977
YHR020W  296 7.15922107675e-05
YHR020W  301 0.00221935853379
YHR020W  302 0.00157502863688
YHR020W  305 0.00136025200458
YHR020W  308 0.000357961053837
YHR020W  313 0.000143184421535
YHR020W  314 0.00028636884307
YHR020W  317 0.000357961053837
YHR020W  318 0.00400916380298
YHR020W  321 0.00193298969072
YHR020W  327 0.000429553264605
YHR020W  329 0.00515463917526
YHR020W  330 0.00171821305842
YHR020W  334 0.000501145475372
YHR020W  335 0.000501145475372
YHR020W  336 0.00178980526919
YHR020W  337 0.00186139747995
YHR020W  338 7.15922107675e-05
YHR020W  342 0.00272050400916
YHR020W  350 0.00186139747995
YHR020W  358 0.00186139747995
YHR020W  359 0.000429553264605
YHR020W  362 0.00200458190149
YHR020W  363 0.00322164948454
YHR020W  367 0.00107388316151
YHR020W  368 0.00200458190149
YHR020W  369 0.000143184421535
YHR020W  371 0.00272050400916
YHR020W  373 0.00085910652921
YHR020W  375 0.00114547537228
YHR020W  380 0.00157502863688
YHR020W  381 0.003078465063
YHR020W  383 0.00365120274914
YHR020W  385 0.000429553264605
YHR020W  386 0.00701603665521
YHR020W  391 0.00293528064147
YHR020W  392 0.000787514318442
YHR020W  394 0.000429553264605
YHR020W  396 0.00028636884307
YHR020W  402 0.00164662084765
YHR020W  405 0.00336483390607
YHR020W  408 0.00200458190149
YHR020W  418 0.00178980526919
YHR020W  419 0.00157502863688
YHR020W  423 0.00186139747995
YHR020W  429 0.000214776632302
YHR020W  433 0.00143184421535
YHR020W  436 0.00243413516609
YHR020W  437 0.00171821305842
YHR020W  438 0.00171821305842
YHR020W  444 0.0153207331042
YHR020W  445 0.00400916380298
YHR020W  449 0.00293528064147
YHR020W  450 0.00100229095074
YHR020W  455 0.000214776632302
YHR020W  460 0.0026489117984
YHR020W  472 0.00143184421535
YHR020W  473 0.000644329896907
YHR020W  474 0.000429553264605
YHR020W  476 0.000930698739977
YHR020W  481 0.00107388316151
YHR020W  482 0.00150343642612
YHR020W  483 0.000644329896907
YHR020W  489 0.00107388316151
YHR020W  495 0.000787514318442
YHR020W  498 0.0026489117984
YHR020W  507 0.00136025200458
YHR020W  510 0.000930698739977
YHR020W  511 0.00057273768614
YHR020W  512 0.00300687285223
YHR020W  513 0.00236254295533
YHR020W  515 0.000214776632302
YHR020W  518 0.00150343642612
YHR020W  520 0.00121706758305
YHR020W  522 0.00114547537228
YHR020W  525 0.00243413516609
YHR020W  528 0.0032932416953
YHR020W  529 0.00157502863688
YHR020W  530 0.00157502863688
YHR020W  535 0.00830469644903
YHR020W  538 0.00379438717068
YHR020W  545 0.00386597938144
YHR020W  547 0.00207617411226
YHR020W  549 0.00279209621993
YHR020W  557 0.000357961053837
YHR020W  558 0.000715922107675
YHR020W  559 0.00200458190149
YHR020W  562 0.000143184421535
YHR020W  569 0.000501145475372
YHR020W  571 0.003078465063
YHR020W  572 0.00522623138603
YHR020W  573 0.00186139747995
YHR020W  574 0.00128865979381
YHR020W  576 0.0
YHR020W  582 0.00272050400916
YHR020W  586 0.000429553264605
YJR091C  3 0.000787514318442
YJR091C  5 0.0
YJR091C  6 0.0
YJR091C  11 0.000357961053837
YJR091C  13 7.15922107675e-05
YJR091C  25 0.000214776632302
YJR091C  34 0.0
YJR091C  40 0.00057273768614
YJR091C  41 0.000143184421535
YJR091C  48 0.00085910652921
YJR091C  55 0.000143184421535
YJR091C  56 0.00028636884307
YJR091C  62 0.0
YJR091C  64 0.000143184421535
YJR091C  65 0.0
YJR091C  66 0.0
YJR091C  67 0.000644329896907
YJR091C  69 0.00028636884307
YJR091C  70 0.0
YJR091C  72 0.0
YJR091C  73 0.0
YJR091C  78 7.15922107675e-05
YJR091C  85 7.15922107675e-05
YJR091C  88 0.000214776632302
YJR091C  90 0.000429553264605
YJR091C  94 0.0
YJR091C  103 7.15922107675e-05
YJR091C  104 0.000357961053837
YJR091C  107 7.15922107675e-05
YJR091C  108 0.000214776632302
YJR091C  109 0.0
YJR091C  112 7.15922107675e-05
YJR091C  113 0.0
YJR091C  115 0.0
YJR091C  117 7.15922107675e-05
YJR091C  126 0.0
YJR091C  127 0.000143184421535
YJR091C  128 7.15922107675e-05
YJR091C  129 7.15922107675e-05
YJR091C  130 0.0
YJR091C  140 0.0
YJR091C  146 0.000214776632302
YJR091C  148 0.0
YJR091C  151 7.15922107675e-05
YJR091C  153 0.0
YJR091C  156 0.0
YJR091C  158 0.0
YJR091C  161 7.15922107675e-05
YJR091C  162 0.0
YJR091C  163 0.000143184421535
YJR091C  171 0.0
YJR091C  174 0.000501145475372
YJR091C  176 7.15922107675e-05
YJR091C  185 0.0
YJR091C  186 0.000715922107675
YJR091C  189 0.0
YJR091C  192 0.0
YJR091C  198 0.0
YJR091C  202 7.15922107675e-05
YJR091C  204 0.000214776632302
YJR091C  207 0.00028636884307
YJR091C  211 0.00028636884307
YJR091C  214 0.0
YJR091C  215 0.000143184421535
YJR091C  216 0.000143184421535
YJR091C  218 7.15922107675e-05
YJR091C  228 7.15922107675e-05
YJR091C  231 0.0
YJR091C  232 0.0
YJR091C  235 7.15922107675e-05
YJR091C  246 0.0
YJR091C  251 0.000214776632302
YJR091C  252 0.0
YJR091C  253 0.000787514318442
YJR091C  254 7.15922107675e-05
YJR091C  255 7.15922107675e-05
YJR091C  256 0.0
YJR091C  259 0.0
YJR091C  262 0.000143184421535
YJR091C  282 0.000214776632302
YJR091C  285 0.00028636884307
YJR091C  288 0.000143184421535
YJR091C  297 0.000429553264605
YJR091C  305 0.00028636884307
YJR091C  308 0.0
YJR091C  310 0.0
YJR091C  316 0.00028636884307
YJR091C  318 0.0
YJR091C  326 0.000143184421535
YJR091C  330 0.0
YJR091C  331 0.0
YJR091C  332 0.0
YJR091C  334 0.0
YJR091C  335 0.0
YJR091C  338 0.0
YJR091C  341 0.0
YJR091C  344 0.0
YJR091C  349 0.000143184421535
YJR091C  350 7.15922107675e-05
YJR091C  353 0.0
YJR091C  354 0.000214776632302
YJR091C  355 0.000214776632302
YJR091C  359 7.15922107675e-05
YJR091C  361 0.000143184421535
YJR091C  365 7.15922107675e-05
YJR091C  367 0.000143184421535
YJR091C  370 7.15922107675e-05
YJR091C  371 0.0
YJR091C  372 0.0
YJR091C  373 0.0
YJR091C  381 0.0
YJR091C  382 0.000143184421535
YJR091C  383 0.0
YJR091C  385 7.15922107675e-05
YJR091C  386 0.0
YJR091C  388 7.15922107675e-05
YJR091C  389 0.0
YJR091C  390 0.0
YJR091C  391 0.000357961053837
YJR091C  392 7.15922107675e-05
YJR091C  403 0.000143184421535
YJR091C  404 0.0
YJR091C  409 0.0
YJR091C  413 0.0
YJR091C  414 0.000214776632302
YJR091C  415 7.15922107675e-05
YJR091C  416 0.0
YJR091C  418 0.000143184421535
YJR091C  425 0.0
YJR091C  426 7.15922107675e-05
YJR091C  431 0.000143184421535
YJR091C  432 7.15922107675e-05
YJR091C  434 0.000644329896907
YJR091C  436 0.000357961053837
YJR091C  438 0.000214776632302
YJR091C  440 0.000143184421535
YJR091C  445 0.000214776632302
YJR091C  446 0.0
YJR091C  454 0.0
YJR091C  457 7.15922107675e-05
YJR091C  458 0.000143184421535
YJR091C  466 0.000143184421535
YJR091C  468 7.15922107675e-05
YJR091C  473 0.000143184421535
YJR091C  474 0.000143184421535
YJR091C  475 0.000143184421535
YJR091C  476 0.0
YJR091C  478 0.000143184421535
YJR091C  481 0.000143184421535
YJR091C  483 0.000357961053837
YJR091C  487 7.15922107675e-05
YJR091C  490 0.0
YJR091C  491 0.0
YJR091C  492 0.000787514318442
YJR091C  498 0.000143184421535
YJR091C  501 0.0
YJR091C  502 7.15922107675e-05
YJR091C  504 0.0
YJR091C  511 0.0
YJR091C  513 0.0
YJR091C  528 0.0
YJR091C  532 0.000214776632302
YJR091C  534 0.000143184421535
YJR091C  536 0.0
YJR091C  541 0.0
YJR091C  544 0.00028636884307
YJR091C  549 0.000357961053837
YJR091C  551 0.00028636884307
YJR091C  552 7.15922107675e-05
YJR091C  564 7.15922107675e-05
YJR091C  566 0.000501145475372
YJR091C  567 0.0
YJR091C  571 7.15922107675e-05
YJR091C  572 7.15922107675e-05
YJR091C  573 0.000214776632302
YJR091C  575 7.15922107675e-05
YJR091C  579 0.0
YJR091C  581 0.000143184421535
YJR091C  583 0.00028636884307
YJR091C  584 0.0
YJR091C  586 0.000214776632302
YJR091C  587 0.00057273768614
YJR091C  588 7.15922107675e-05
YJR091C  589 7.15922107675e-05
YJR091C  592 0.000214776632302
YJR091C  595 0.0
YJR091C  597 7.15922107675e-05
YJR091C  599 0.000143184421535
YJR091C  602 0.0
YJR091C  604 0.00028636884307
YJR091C  609 0.0
YJR091C  615 0.000501145475372
YJR091C  619 0.0
YJR091C  620 0.0
YJR091C  635 0.0
YJR091C  641 0.000715922107675
YJR091C  646 7.15922107675e-05
YJR091C  650 0.0
YJR091C  657 0.0
YJR091C  665 7.15922107675e-05
YJR091C  683 7.15922107675e-05
YJR091C  687 0.0
YJR091C  693 0.000214776632302
YJR091C  695 0.0
YJR091C  697 0.0
YJR091C  700 7.15922107675e-05
YJR091C  703 0.000429553264605
YJR091C  710 0.00028636884307
YJR091C  712 0.0
YJR091C  721 0.0
YJR091C  728 0.00028636884307
YJR091C  729 0.0
YJR091C  730 0.000143184421535
YJR091C  734 0.0
YJR091C  735 0.000143184421535
YJR091C  737 0.000143184421535
YJR091C  741 0.000214776632302
YJR091C  742 0.0
YJR091C  743 0.0
YJR091C  744 0.0
YJR091C  746 0.0
YJR091C  747 0.0
YJR091C  750 0.000143184421535
YJR091C  751 0.000143184421535
YJR091C  752 0.000143184421535
YJR091C  756 0.000143184421535
YJR091C  759 7.15922107675e-05
YJR091C  765 0.0
YJR091C  769 0.0
YJR091C  775 0.0
YJR091C  779 0.000214776632302
YJR091C  784 0.0
YJR091C  785 0.0
YJR091C  788 0.0
YJR091C  794 7.15922107675e-05
YJR091C  795 0.00028636884307
YJR091C  798 0.000357961053837
YJR091C  799 0.000143184421535
YJR091C  800 0.0
YJR091C  801 7.15922107675e-05
YJR091C  804 0.000143184421535
YJR091C  818 0.000143184421535
YJR091C  819 0.0
YJR091C  820 0.0
YJR091C  823 7.15922107675e-05
YJR091C  824 7.15922107675e-05
YJR091C  825 0.0
YJR091C  826 0.0
YJR091C  827 0.000429553264605
YJR091C  828 0.000143184421535
YJR091C  829 7.15922107675e-05
YJR091C  830 7.15922107675e-05
YJR091C  835 0.0
YJR091C  841 7.15922107675e-05
YJR091C  844 7.15922107675e-05
YJR091C  845 0.00057273768614
YJR091C  846 0.0
YJR091C  859 7.15922107675e-05
YJR091C  862 0.0
YJR091C  866 0.0
YJR091C  868 0.000143184421535
YJR091C  880 0.000214776632302
YJR091C  882 0.000501145475372
YJR091C  883 7.15922107675e-05
YJR091C  909 0.000214776632302
YJR091C  913 0.0
YJR091C  917 7.15922107675e-05
YJR091C  918 0.000214776632302
YJR091C  919 0.000143184421535
YJR091C  924 0.000143184421535
YJR091C  926 0.000143184421535
YJR091C  929 0.000357961053837
YJR091C  932 7.15922107675e-05
YJR091C  933 0.0
YJR091C  935 0.0
YJR091C  939 0.000143184421535
YJR091C  940 0.0
YJR091C  941 0.000214776632302
YJR091C  945 0.0
YJR091C  946 7.15922107675e-05
YJR091C  947 7.15922107675e-05
YJR091C  948 0.0
YJR091C  955 0.0
YJR091C  961 0.000143184421535
YJR091C  963 0.0
YJR091C  964 7.15922107675e-05
YJR091C  965 0.00028636884307
YJR091C  966 0.0
YJR091C  967 0.0
YJR091C  968 0.0
YJR091C  971 0.0
YJR091C  972 7.15922107675e-05
YJR091C  973 0.000143184421535
YJR091C  974 7.15922107675e-05
YJR091C  976 7.15922107675e-05
YJR091C  978 0.0
YJR091C  979 0.0
YJR091C  985 0.00028636884307
YJR091C  988 0.0
YJR091C  991 0.0
YER039C  10 0.0
YER039C  11 0.0
YER039C  14 0.0
YER039C  15 0.0
YER039C  17 0.0
YER039C  22 0.0
YER039C  27 0.0
YER039C  28 0.0
YER039C  30 0.0
YER039C  35 0.0
YER039C  44 0.0
YER039C  48 0.0
YER039C  52 0.0
YER039C  53 0.0
YER039C  59 0.0
YER039C  64 0.0
YER039C  67 0.0
YER039C  70 0.0
YER039C  75 0.0
YER039C  79 0.0
YER039C  81 0.0
YER039C  87 0.0
YER039C  95 0.0
YER039C  103 0.0
YER039C  105 0.0
YER039C  110 0.0
YER039C  112 0.0
YER039C  119 0.0
YER039C  122 0.0
YER039C  124 0.0
YER039C  127 0.0
YER039C  128 0.0
YER039C  131 0.0
YER039C  134 0.0
YER039C  136 0.0
YER039C  138 0.0
YER039C  139 0.0
YER039C  140 0.0
YER039C  149 0.0
YLL054C  3 0.0
YLL054C  5 0.0
YLL054C  11 0.0
YLL054C  14 0.0
YLL054C  16 0.0
YLL054C  22 0.0
YLL054C  26 0.0
YLL054C  27 0.000357961053837
YLL054C  28 7.15922107675e-05
YLL054C  32 0.0
YLL054C  39 7.15922107675e-05
YLL054C  41 0.000214776632302
YLL054C  43 0.0
YLL054C  45 0.000214776632302
YLL054C  49 0.0
YLL054C  50 7.15922107675e-05
YLL054C  52 0.0
YLL054C  56 0.0
YLL054C  63 0.0
YLL054C  66 7.15922107675e-05
YLL054C  68 0.0
YLL054C  70 0.0
YLL054C  76 0.0
YLL054C  95 0.0
YLL054C  97 0.0
YLL054C  99 0.0
YLL054C  101 0.0
YLL054C  102 7.15922107675e-05
YLL054C  104 0.0
YLL054C  107 0.0
YLL054C  109 0.0
YLL054C  115 7.15922107675e-05
YLL054C  120 0.0
YLL054C  121 0.0
YLL054C  131 0.0
YLL054C  133 0.0
YLL054C  137 0.0
YLL054C  140 0.0
YLL054C  141 0.0
YLL054C  149 0.0
YLL054C  152 0.0
YLL054C  154 0.0
YLL054C  161 0.0
YLL054C  162 0.0
YLL054C  164 0.0
YLL054C  166 0.0
YLL054C  168 7.15922107675e-05
YLL054C  176 0.0
YLL054C  188 0.0
YLL054C  193 0.0
YLL054C  196 0.0
YLL054C  204 0.0
YLL054C  211 0.0
YLL054C  225 0.0
YLL054C  227 0.000143184421535
YLL054C  229 0.0
YLL054C  234 0.0
YLL054C  236 0.0
YLL054C  239 0.0
YLL054C  244 0.0
YLL054C  247 0.0
YLL054C  248 0.0
YLL054C  249 0.0
YLL054C  250 0.0
YLL054C  256 0.0
YLL054C  260 7.15922107675e-05
YLL054C  261 0.000143184421535
YLL054C  262 0.0
YLL054C  269 0.0
YLL054C  274 0.0
YLL054C  284 0.0
YLL054C  286 0.0
YLL054C  287 0.0
YLL054C  293 0.0
YLL054C  296 0.0
YLL054C  303 0.0
YLL054C  305 7.15922107675e-05
YLL054C  312 0.0
YLL054C  318 0.0
YLL054C  319 0.0
YLL054C  322 0.0
YLL054C  324 0.000143184421535
YLL054C  328 7.15922107675e-05
YLL054C  330 0.0
YLL054C  331 0.0
YLL054C  351 0.0
YLL054C  375 0.0
YLL054C  377 0.0
YLL054C  379 0.0
YLL054C  383 0.0
YLL054C  386 0.0
YLL054C  389 0.0
YLL054C  391 0.0
YLL054C  399 0.0
YLL054C  403 0.0
YLL054C  404 0.0
YLL054C  405 7.15922107675e-05
YLL054C  407 0.0
YLL054C  410 0.0
YLL054C  414 0.0
YLL054C  418 0.0
YLL054C  424 0.0
YLL054C  426 0.0
YLL054C  427 0.0
YLL054C  429 0.0
YLL054C  432 0.0
YLL054C  433 7.15922107675e-05
YLL054C  460 0.0
YLL054C  465 0.0
YLL054C  468 0.0
YLL054C  469 0.0
YLL054C  471 0.0
YLL054C  476 0.0
YLL054C  480 0.0
YLL054C  481 0.0
YLL054C  484 0.0
YLL054C  493 0.0
YLL054C  501 0.0
YLL054C  502 0.0
YLL054C  505 0.0
YLL054C  510 0.0
YLL054C  516 0.0
YLL054C  519 0.0
YLL054C  520 0.0
YLL054C  522 0.0
YLL054C  530 0.0
YLL054C  538 0.0
YLL054C  539 0.0
YLL054C  541 0.0
YLL054C  544 7.15922107675e-05
YLL054C  548 0.0
YLL054C  549 0.0
YLL054C  554 7.15922107675e-05
YLL054C  555 0.000143184421535
YLL054C  556 0.0
YLL054C  566 0.0
YLL054C  570 0.0
YLL054C  572 0.0
YLL054C  573 0.0
YLL054C  577 0.0
YLL054C  583 0.0
YLL054C  584 7.15922107675e-05
YLL054C  589 0.0
YLL054C  598 0.0
YLL054C  601 0.0
YLL054C  603 0.0
YLL054C  606 0.0
YLL054C  616 0.0
YLL054C  618 0.0
YLL054C  622 0.0
YLL054C  623 7.15922107675e-05
YLL054C  627 0.0
YLL054C  636 0.0
YLL054C  642 0.0
YLL054C  648 0.0
YLL054C  649 0.0
YLL054C  650 0.0
YLL054C  659 0.0
YLL054C  660 0.000214776632302
YLL054C  661 0.0
YLL054C  662 7.15922107675e-05
YLL054C  668 0.0
YDR520C  5 0.0
YDR520C  16 0.0
YDR520C  18 0.000214776632302
YDR520C  22 0.0
YDR520C  23 7.15922107675e-05
YDR520C  24 7.15922107675e-05
YDR520C  25 0.0
YDR520C  29 0.0
YDR520C  30 0.0
YDR520C  36 0.0
YDR520C  43 0.0
YDR520C  46 7.15922107675e-05
YDR520C  51 0.000214776632302
YDR520C  53 0.000644329896907
YDR520C  54 0.000214776632302
YDR520C  58 0.0
YDR520C  62 0.0
YDR520C  63 0.0
YDR520C  65 0.0
YDR520C  72 0.0
YDR520C  77 0.0
YDR520C  78 0.0
YDR520C  84 0.0
YDR520C  88 0.0
YDR520C  92 0.0
YDR520C  94 0.0
YDR520C  95 0.0
YDR520C  99 0.0
YDR520C  100 0.000357961053837
YDR520C  101 7.15922107675e-05
YDR520C  103 0.0
YDR520C  104 0.0
YDR520C  105 0.0
YDR520C  106 0.0
YDR520C  111 0.0
YDR520C  112 0.000214776632302
YDR520C  114 0.0
YDR520C  116 0.0
YDR520C  123 0.000143184421535
YDR520C  125 0.0
YDR520C  139 0.0
YDR520C  141 0.00028636884307
YDR520C  143 0.0
YDR520C  151 0.0
YDR520C  152 7.15922107675e-05
YDR520C  154 7.15922107675e-05
YDR520C  156 0.000143184421535
YDR520C  159 0.000143184421535
YDR520C  161 0.0
YDR520C  168 0.0
YDR520C  171 0.0
YDR520C  172 7.15922107675e-05
YDR520C  173 0.0
YDR520C  174 0.000214776632302
YDR520C  175 0.000214776632302
YDR520C  181 7.15922107675e-05
YDR520C  182 0.0
YDR520C  184 0.000143184421535
YDR520C  185 7.15922107675e-05
YDR520C  191 0.0
YDR520C  195 0.0
YDR520C  196 0.0
YDR520C  202 0.0
YDR520C  203 0.0
YDR520C  206 0.0
YDR520C  211 0.0
YDR520C  219 0.0
YDR520C  223 0.0
YDR520C  225 0.0
YDR520C  235 7.15922107675e-05
YDR520C  242 7.15922107675e-05
YDR520C  243 0.0
YDR520C  249 0.0
YDR520C  256 0.0
YDR520C  260 0.0
YDR520C  263 0.0
YDR520C  269 0.0
YDR520C  274 0.000143184421535
YDR520C  282 0.0
YDR520C  285 0.0
YDR520C  288 0.0
YDR520C  289 0.0
YDR520C  291 0.00028636884307
YDR520C  294 0.000214776632302
YDR520C  295 0.0
YDR520C  296 0.000214776632302
YDR520C  297 0.0
YDR520C  301 0.0
YDR520C  308 0.0
YDR520C  313 0.0
YDR520C  316 0.000143184421535
YDR520C  319 0.0
YDR520C  321 7.15922107675e-05
YDR520C  322 0.0
YDR520C  323 0.0
YDR520C  329 0.0
YDR520C  334 0.0
YDR520C  337 0.0
YDR520C  357 0.0
YDR520C  359 0.0
YDR520C  361 7.15922107675e-05
YDR520C  362 0.0
YDR520C  363 0.0
YDR520C  372 0.0
YDR520C  377 0.0
YDR520C  382 0.0
YDR520C  386 0.0
YDR520C  394 0.0
YDR520C  398 0.0
YDR520C  401 0.0
YDR520C  408 0.0
YDR520C  409 0.0
YDR520C  411 0.0
YDR520C  414 7.15922107675e-05
YDR520C  419 0.0
YDR520C  421 0.0
YDR520C  423 7.15922107675e-05
YDR520C  426 0.0
YDR520C  430 0.0
YDR520C  436 0.000143184421535
YDR520C  445 0.0
YDR520C  446 7.15922107675e-05
YDR520C  450 0.000214776632302
YDR520C  456 0.0
YDR520C  459 0.0
YDR520C  460 0.0
YDR520C  463 0.0
YDR520C  467 0.0
YDR520C  473 0.000143184421535
YDR520C  477 7.15922107675e-05
YDR520C  478 0.0
YDR520C  479 7.15922107675e-05
YDR520C  487 0.0
YDR520C  491 0.0
YDR520C  495 7.15922107675e-05
YDR520C  503 0.0
YDR520C  504 7.15922107675e-05
YDR520C  505 0.00121706758305
YDR520C  508 0.0
YDR520C  511 0.000143184421535
YDR520C  515 0.0
YDR520C  516 0.0
YDR520C  517 0.0
YDR520C  522 0.0
YDR520C  526 0.0
YDR520C  533 0.0
YDR520C  537 0.000214776632302
YDR520C  538 0.0
YDR520C  544 0.0
YDR520C  547 7.15922107675e-05
YDR520C  550 0.0
YDR520C  563 0.0
YDR520C  564 0.0
YDR520C  566 0.0
YDR520C  568 0.0
YDR520C  574 0.0
YDR520C  577 0.0
YDR520C  579 0.0
YDR520C  591 0.0
YDR520C  593 0.0
YDR520C  601 0.0
YDR520C  604 7.15922107675e-05
YDR520C  606 0.0
YDR520C  608 0.0
YDR520C  609 0.0
YDR520C  624 0.0
YDR520C  626 0.0
YDR520C  631 0.0
YDR520C  639 0.0
YDR520C  648 0.0
YDR520C  649 0.0
YDR520C  652 0.0
YDR520C  656 0.0
YDR520C  659 0.0
YDR520C  665 0.0
YDR520C  666 0.0
YDR520C  667 0.0
YDR520C  670 0.0
YOR160W  6 0.0
YOR160W  7 0.000357961053837
YOR160W  13 0.000143184421535
YOR160W  16 7.15922107675e-05
YOR160W  17 0.0
YOR160W  22 0.000357961053837
YOR160W  24 0.00085910652921
YOR160W  28 0.0
YOR160W  36 0.0
YOR160W  41 7.15922107675e-05
YOR160W  61 7.15922107675e-05
YOR160W  68 0.000143184421535
YOR160W  72 7.15922107675e-05
YOR160W  73 7.15922107675e-05
YOR160W  77 0.000143184421535
YOR160W  90 0.0
YOR160W  104 0.0
YOR160W  107 0.000357961053837
YOR160W  108 7.15922107675e-05
YOR160W  110 0.0
YOR160W  120 0.0
YOR160W  125 0.0
YOR160W  130 0.0
YOR160W  131 0.000143184421535
YOR160W  147 0.0
YOR160W  151 0.000143184421535
YOR160W  152 0.0
YOR160W  153 0.000429553264605
YOR160W  156 0.0
YOR160W  157 0.000143184421535
YOR160W  162 0.000214776632302
YOR160W  167 0.0
YOR160W  174 0.0
YOR160W  175 0.0
YOR160W  180 0.0
YOR160W  187 0.000644329896907
YOR160W  191 0.0
YOR160W  194 7.15922107675e-05
YOR160W  195 0.00028636884307
YOR160W  198 7.15922107675e-05
YOR160W  200 0.0
YOR160W  201 0.0
YOR160W  207 0.000143184421535
YOR160W  223 0.000214776632302
YOR160W  225 0.0
YOR160W  229 0.0
YOR160W  245 0.0
YOR160W  256 7.15922107675e-05
YOR160W  259 7.15922107675e-05
YOR160W  264 0.0
YOR160W  267 0.0
YOR160W  275 7.15922107675e-05
YOR160W  287 0.0
YOR160W  289 0.0
YOR160W  291 0.0
YOR160W  294 0.0
YOR160W  302 0.0
YOR160W  306 0.0
YOR160W  308 0.000930698739977
YOR160W  310 0.000143184421535
YOR160W  313 0.0
YOR160W  314 0.0
YOR160W  318 0.000357961053837
YOR160W  321 7.15922107675e-05
YOR160W  322 7.15922107675e-05
YOR160W  323 0.000715922107675
YOR160W  330 0.0
YOR160W  331 0.0
YOR160W  336 0.000143184421535
YOR160W  341 0.00028636884307
YOR160W  342 7.15922107675e-05
YOR160W  346 0.0
YOR160W  351 0.0
YOR160W  355 0.000429553264605
YOR160W  356 0.0
YOR160W  367 7.15922107675e-05
YOR160W  371 0.0
YOR160W  373 0.000214776632302
YOR160W  376 0.0
YOR160W  378 0.0
YOR160W  379 7.15922107675e-05
YOR160W  381 7.15922107675e-05
YOR160W  383 0.0
YOR160W  385 7.15922107675e-05
YOR160W  387 0.0
YOR160W  403 0.0
YOR160W  404 7.15922107675e-05
YOR160W  405 0.000214776632302
YOR160W  411 0.0
YOR160W  413 0.0
YOR160W  417 0.0
YOR160W  420 0.000715922107675
YOR160W  421 7.15922107675e-05
YOR160W  422 7.15922107675e-05
YOR160W  427 0.0
YOR160W  429 0.0
YOR160W  432 0.0
YOR160W  437 7.15922107675e-05
YOR160W  443 0.000143184421535
YOR160W  455 0.000143184421535
YOR160W  456 0.000214776632302
YOR160W  462 7.15922107675e-05
YOR160W  463 0.0
YOR160W  464 0.00028636884307
YOR160W  465 0.000214776632302
YOR160W  469 0.000143184421535
YOR160W  473 0.0
YOR160W  477 0.0
YOR160W  478 0.00028636884307
YOR160W  479 7.15922107675e-05
YOR160W  487 7.15922107675e-05
YOR160W  488 7.15922107675e-05
YOR160W  497 0.0
YOR160W  498 0.000214776632302
YOR160W  499 0.0
YOR160W  501 0.0
YOR160W  502 0.0
YOR160W  505 0.000357961053837
YOR160W  506 0.000429553264605
YOR160W  507 0.00028636884307
YOR160W  513 0.0
YOR160W  518 0.000930698739977
YOR160W  519 0.000143184421535
YOR160W  520 0.0
YOR160W  523 7.15922107675e-05
YOR160W  524 0.000501145475372
YOR160W  527 0.0
YOR160W  528 0.000214776632302
YOR160W  530 7.15922107675e-05
YOR160W  541 7.15922107675e-05
YOR160W  547 0.000214776632302
YOR160W  548 0.0
YOR160W  549 7.15922107675e-05
YOR160W  554 7.15922107675e-05
YOR160W  556 0.000143184421535
YOR160W  562 7.15922107675e-05
YOR160W  567 0.000214776632302
YOR160W  570 0.000143184421535
YOR160W  576 0.000143184421535
YOR160W  579 0.0
YOR160W  595 0.0
YOR160W  600 0.0
YOR160W  610 0.0
YOR160W  611 0.0
YOR160W  615 7.15922107675e-05
YOR160W  617 0.000357961053837
YOR160W  622 0.0
YOR160W  624 0.0
YOR160W  635 7.15922107675e-05
YOR160W  642 0.000214776632302
YOR160W  644 7.15922107675e-05
YOR160W  646 0.00028636884307
YOR160W  653 0.0
YOR160W  655 0.0
YOR160W  658 0.000214776632302
YOR160W  661 0.000143184421535
YOR160W  664 0.0
YOR160W  665 7.15922107675e-05
YOR160W  667 7.15922107675e-05
YOR160W  670 0.000214776632302
YOR160W  672 0.000501145475372
YOR160W  673 0.000143184421535
YOR160W  675 7.15922107675e-05
YOR160W  679 0.0
YOR160W  680 7.15922107675e-05
YOR160W  707 7.15922107675e-05
YOR160W  711 7.15922107675e-05
YOR160W  713 0.000214776632302
YOR160W  716 0.00028636884307
YOR160W  718 0.000357961053837
YOR160W  719 0.000214776632302
YOR160W  721 0.0
YOR160W  725 0.0
YOR160W  726 7.15922107675e-05
YOR160W  728 0.0
YOR160W  731 0.0
YOR160W  732 7.15922107675e-05
YOR160W  733 0.000143184421535
YOR160W  739 0.000143184421535
YOR160W  741 0.0
YOR160W  742 0.000143184421535
YOR160W  743 0.000214776632302
YOR160W  746 0.000214776632302
YOR160W  748 0.0
YOR160W  752 0.0
YOR160W  753 0.000357961053837
YOR160W  756 0.0
YOR160W  757 0.0
YOR160W  758 7.15922107675e-05
YOR160W  761 0.0
YOR160W  764 0.000214776632302
YOR160W  767 7.15922107675e-05
YOR160W  769 0.000143184421535
YOR160W  770 0.0
YOR160W  774 0.000214776632302
YOR160W  777 0.000357961053837
YOR160W  779 0.0
YOR160W  785 0.0
YOR160W  788 0.0
YOR160W  790 7.15922107675e-05
YOR160W  792 0.0
YOR160W  794 0.0
YOR160W  798 0.0
YOR160W  800 0.0
YOR160W  806 0.000357961053837
YOR160W  807 0.000143184421535
YOR160W  808 0.0
YOR160W  809 0.0
YOR160W  814 0.0
YOR160W  815 7.15922107675e-05
YOR160W  820 0.000143184421535
YOR160W  821 0.000429553264605
YOR160W  823 7.15922107675e-05
YOR160W  826 0.0
YOR160W  833 0.0
YOR160W  837 0.000143184421535
YOR160W  839 0.00028636884307
YOR160W  846 0.000143184421535
YOR160W  847 0.00028636884307
YOR160W  850 0.000143184421535
YOR160W  851 0.000143184421535
YOR160W  852 0.0
YOR160W  854 0.0
YOR160W  856 0.0
YOR160W  860 0.0
YOR160W  865 0.0
YOR160W  867 0.00028636884307
YOR160W  870 0.00028636884307
YKL159C  2 0.00028636884307
YKL159C  4 0.000143184421535
YKL159C  11 7.15922107675e-05
YKL159C  15 0.000429553264605
YKL159C  18 0.000214776632302
YKL159C  23 0.000143184421535
YKL159C  27 0.0
YKL159C  29 7.15922107675e-05
YKL159C  31 7.15922107675e-05
YKL159C  32 0.0
YKL159C  33 0.000214776632302
YKL159C  34 0.0
YKL159C  36 7.15922107675e-05
YKL159C  38 0.0
YKL159C  40 0.0
YKL159C  41 0.0
YKL159C  43 7.15922107675e-05
YKL159C  44 0.000143184421535
YKL159C  45 0.000357961053837
YKL159C  46 0.000644329896907
YKL159C  51 0.0
YKL159C  57 7.15922107675e-05
YKL159C  61 7.15922107675e-05
YKL159C  66 0.000357961053837
YKL159C  71 0.000214776632302
YKL159C  72 0.0
YKL159C  78 7.15922107675e-05
YKL159C  80 0.000143184421535
YKL159C  82 0.000429553264605
YKL159C  83 0.000501145475372
YKL159C  84 0.000715922107675
YKL159C  85 0.000787514318442
YKL159C  87 0.00107388316151
YKL159C  88 0.000501145475372
YKL159C  90 0.0
YKL159C  94 0.0
YKL159C  100 0.0
YKL159C  101 0.0
YKL159C  106 0.000357961053837
YKL159C  108 0.000357961053837
YKL159C  110 0.000214776632302
YKL159C  111 7.15922107675e-05
YDL188C  4 0.0
YDL188C  6 0.0
YDL188C  8 0.0
YDL188C  15 0.0
YDL188C  17 0.0
YDL188C  18 0.0
YDL188C  23 0.0
YDL188C  27 0.0
YDL188C  29 0.0
YDL188C  31 0.0
YDL188C  38 0.000429553264605
YDL188C  43 0.0
YDL188C  53 0.0
YDL188C  55 0.0
YDL188C  56 0.0
YDL188C  58 0.0
YDL188C  76 0.0
YDL188C  77 0.000143184421535
YDL188C  83 0.000214776632302
YDL188C  86 0.000429553264605
YDL188C  89 0.0
YDL188C  90 0.0
YDL188C  93 0.0
YDL188C  101 7.15922107675e-05
YDL188C  104 7.15922107675e-05
YDL188C  109 0.0
YDL188C  110 7.15922107675e-05
YDL188C  116 0.0
YDL188C  119 0.0
YDL188C  127 0.0
YDL188C  128 0.000930698739977
YDL188C  131 0.000214776632302
YDL188C  133 0.000214776632302
YDL188C  135 0.0
YDL188C  136 0.000143184421535
YDL188C  138 0.000143184421535
YDL188C  146 0.000214776632302
YDL188C  147 0.0
YDL188C  150 0.000143184421535
YDL188C  155 0.0
YDL188C  157 0.00136025200458
YDL188C  159 0.0
YDL188C  162 0.0
YDL188C  164 0.0
YDL188C  170 0.0
YDL188C  172 0.00279209621993
YDL188C  173 0.00372279495991
YDL188C  176 0.00028636884307
YDL188C  178 0.0
YDL188C  179 0.0
YDL188C  181 0.0
YDL188C  190 0.000214776632302
YDL188C  192 0.000357961053837
YDL188C  195 0.000143184421535
YDL188C  198 0.0
YDL188C  209 0.0
YDL188C  210 0.0
YDL188C  215 0.0
YDL188C  220 0.0
YDL188C  221 0.0
YDL188C  222 0.0
YDL188C  231 0.00028636884307
YDL188C  234 0.000143184421535
YDL188C  237 0.000143184421535
YDL188C  239 0.000214776632302
YDL188C  240 7.15922107675e-05
YDL188C  246 0.00028636884307
YDL188C  247 7.15922107675e-05
YDL188C  249 0.00128865979381
YDL188C  250 7.15922107675e-05
YDL188C  252 0.000787514318442
YDL188C  253 7.15922107675e-05
YDL188C  256 0.0
YDL188C  258 0.0
YDL188C  259 0.0
YDL188C  261 0.000143184421535
YDL188C  266 0.000787514318442
YDL188C  270 0.000214776632302
YDL188C  271 0.000501145475372
YDL188C  273 0.000214776632302
YDL188C  274 0.000143184421535
YGL019W  2 0.00057273768614
YGL019W  3 0.000715922107675
YGL019W  7 0.00207617411226
YGL019W  9 0.000429553264605
YGL019W  10 0.00365120274914
YGL019W  12 0.00085910652921
YGL019W  13 0.000930698739977
YGL019W  14 0.000787514318442
YGL019W  15 0.00107388316151
YGL019W  16 0.000214776632302
YGL019W  19 0.0
YGL019W  21 0.00028636884307
YGL019W  25 0.00114547537228
YGL019W  28 0.00057273768614
YGL019W  31 0.00028636884307
YGL019W  36 0.000501145475372
YGL019W  38 0.00085910652921
YGL019W  39 0.000214776632302
YGL019W  41 0.000787514318442
YGL019W  42 0.0
YGL019W  50 0.0
YGL019W  51 0.000429553264605
YGL019W  54 0.0
YGL019W  55 0.000715922107675
YGL019W  58 0.00085910652921
YGL019W  61 0.00028636884307
YGL019W  65 0.0
YGL019W  67 0.00057273768614
YGL019W  69 0.00114547537228
YGL019W  73 0.00107388316151
YGL019W  78 0.000357961053837
YGL019W  81 0.00157502863688
YGL019W  84 0.000214776632302
YGL019W  87 7.15922107675e-05
YGL019W  88 0.000143184421535
YGL019W  94 0.000143184421535
YGL019W  99 0.000787514318442
YGL019W  113 0.000357961053837
YGL019W  117 0.000357961053837
YGL019W  125 0.000143184421535
YGL019W  127 0.000143184421535
YGL019W  141 0.00171821305842
YGL019W  144 0.000930698739977
YGL019W  153 0.00193298969072
YGL019W  157 0.000429553264605
YGL019W  159 0.000644329896907
YGL019W  161 0.000357961053837
YGL019W  176 0.00028636884307
YBR024W  8 0.0
YBR024W  11 0.000214776632302
YBR024W  13 7.15922107675e-05
YBR024W  29 0.0
YBR024W  33 0.000214776632302
YBR024W  41 0.0
YBR024W  43 0.0
YBR024W  50 0.0
YBR024W  53 0.0
YBR024W  58 0.0
YBR024W  59 7.15922107675e-05
YBR024W  66 7.15922107675e-05
YBR024W  73 7.15922107675e-05
YBR024W  74 0.0
YBR024W  77 7.15922107675e-05
YBR024W  79 0.0
YBR024W  81 0.0
YBR024W  82 0.0
YBR024W  85 0.0
YBR024W  87 7.15922107675e-05
YBR024W  88 0.000214776632302
YBR024W  92 0.000501145475372
YBR024W  94 0.000143184421535
YBR024W  95 7.15922107675e-05
YBR024W  103 0.0
YBR024W  105 0.0
YBR024W  106 7.15922107675e-05
YBR024W  108 0.0
YBR024W  114 0.000143184421535
YBR024W  117 0.000143184421535
YBR024W  118 0.0
YBR024W  126 0.0
YBR024W  132 7.15922107675e-05
YBR024W  133 7.15922107675e-05
YBR024W  134 0.0
YBR024W  136 0.000357961053837
YBR024W  138 0.000501145475372
YBR024W  139 0.000214776632302
YBR024W  140 0.00028636884307
YBR024W  143 7.15922107675e-05
YBR024W  145 0.0
YBR024W  152 7.15922107675e-05
YBR024W  156 0.000214776632302
YBR024W  157 0.00057273768614
YBR024W  159 0.0
YBR024W  160 0.0
YBR024W  163 0.0
YBR024W  165 0.000143184421535
YBR024W  167 0.0
YBR024W  169 0.000143184421535
YBR024W  172 0.000143184421535
YBR024W  174 0.000143184421535
YBR024W  176 0.0
YBR024W  178 0.0
YBR024W  180 0.000143184421535
YBR024W  183 0.000143184421535
YBR024W  184 0.0
YBR024W  185 0.000214776632302
YBR024W  188 0.000143184421535
YBR024W  190 7.15922107675e-05
YBR024W  191 0.000214776632302
YBR024W  199 0.0
YDL087C  3 0.00028636884307
YDL087C  8 0.0
YDL087C  11 0.000357961053837
YDL087C  17 0.0
YDL087C  21 7.15922107675e-05
YDL087C  26 0.000143184421535
YDL087C  28 0.0
YDL087C  30 7.15922107675e-05
YDL087C  31 0.0
YDL087C  37 0.0
YDL087C  41 7.15922107675e-05
YDL087C  42 0.00028636884307
YDL087C  47 0.0
YDL087C  48 7.15922107675e-05
YDL087C  51 0.000143184421535
YDL087C  55 0.0
YDL087C  57 0.000143184421535
YDL087C  65 7.15922107675e-05
YDL087C  70 0.0
YDL087C  72 0.0
YDL087C  76 0.000214776632302
YDL087C  82 0.0
YDL087C  84 0.0
YDL087C  85 0.0
YDL087C  89 0.000214776632302
YDL087C  90 0.000143184421535
YDL087C  92 0.0
YDL087C  95 0.0
YDL087C  96 0.0
YDL087C  97 7.15922107675e-05
YDL087C  99 0.00028636884307
YDL087C  103 0.000143184421535
YDL087C  104 7.15922107675e-05
YDL087C  110 0.0
YDL087C  112 0.0
YDL087C  116 7.15922107675e-05
YDL087C  120 0.0
YDL087C  124 7.15922107675e-05
YDL087C  126 0.000143184421535
YDL087C  127 0.0
YDL087C  128 0.0
YDL087C  131 0.0
YDL087C  135 0.000143184421535
YDL087C  137 0.000143184421535
YDL087C  138 0.000143184421535
YDL087C  141 0.0
YDL087C  143 0.0
YDL087C  144 0.0
YDL087C  147 0.000143184421535
YDL087C  150 0.0
YDL087C  157 0.000429553264605
YDL087C  161 7.15922107675e-05
YBR112C  15 0.000143184421535
YBR112C  16 0.000357961053837
YBR112C  22 0.000357961053837
YBR112C  23 0.000214776632302
YBR112C  25 0.000429553264605
YBR112C  27 0.000787514318442
YBR112C  28 0.000501145475372
YBR112C  29 0.000644329896907
YBR112C  30 0.000214776632302
YBR112C  31 0.00028636884307
YBR112C  38 0.0
YBR112C  39 7.15922107675e-05
YBR112C  41 0.0
YBR112C  43 0.000501145475372
YBR112C  44 0.000214776632302
YBR112C  48 0.000930698739977
YBR112C  50 0.00315005727377
YBR112C  54 7.15922107675e-05
YBR112C  55 0.000429553264605
YBR112C  56 0.00028636884307
YBR112C  66 0.00085910652921
YBR112C  82 0.000214776632302
YBR112C  85 7.15922107675e-05
YBR112C  87 0.000644329896907
YBR112C  99 0.000214776632302
YBR112C  100 0.00085910652921
YBR112C  105 0.000143184421535
YBR112C  114 0.0
YBR112C  116 0.000214776632302
YBR112C  122 0.0
YBR112C  129 0.00121706758305
YBR112C  138 0.000644329896907
YBR112C  141 0.0
YBR112C  144 0.000214776632302
YBR112C  149 0.0
YBR112C  153 0.0
YBR112C  155 0.000143184421535
YBR112C  156 7.15922107675e-05
YBR112C  157 0.0
YBR112C  162 0.000143184421535
YBR112C  163 0.000143184421535
YBR112C  166 0.00028636884307
YBR112C  172 0.0
YBR112C  174 0.0
YBR112C  179 7.15922107675e-05
YBR112C  180 0.00114547537228
YBR112C  183 7.15922107675e-05
YBR112C  187 0.00057273768614
YBR112C  192 0.000644329896907
YBR112C  195 0.000357961053837
YBR112C  201 0.0
YBR112C  202 0.0
YBR112C  205 0.0
YBR112C  206 0.000214776632302
YBR112C  211 0.0
YBR112C  217 0.0
YBR112C  220 0.0
YBR112C  221 0.000214776632302
YBR112C  226 7.15922107675e-05
YBR112C  229 0.000143184421535
YBR112C  231 0.000787514318442
YBR112C  236 0.000429553264605
YBR112C  242 0.0
YBR112C  245 0.0
YBR112C  269 0.000214776632302
YBR112C  277 7.15922107675e-05
YBR112C  278 0.0
YBR112C  279 0.000143184421535
YBR112C  280 7.15922107675e-05
YBR112C  286 0.0
YBR112C  289 0.000143184421535
YBR112C  290 0.000214776632302
YBR112C  294 0.000214776632302
YBR112C  300 0.0
YBR112C  310 0.000143184421535
YBR112C  311 0.0
YBR112C  314 0.00028636884307
YBR112C  315 0.000715922107675
YBR112C  319 0.00057273768614
YBR112C  322 0.000214776632302
YBR112C  325 0.000429553264605
YBR112C  326 0.000644329896907
YBR112C  332 7.15922107675e-05
YBR112C  335 0.00028636884307
YBR112C  338 0.0
YBR112C  342 7.15922107675e-05
YBR112C  345 0.000143184421535
YBR112C  346 7.15922107675e-05
YBR112C  347 0.000715922107675
YBR112C  351 0.000143184421535
YBR112C  357 0.0
YBR112C  367 0.000429553264605
YBR112C  368 0.000214776632302
YBR112C  369 0.000214776632302
YBR112C  370 7.15922107675e-05
YBR112C  373 7.15922107675e-05
YBR112C  374 0.0
YBR112C  375 0.000501145475372
YBR112C  378 7.15922107675e-05
YBR112C  387 0.00028636884307
YBR112C  391 0.000143184421535
YBR112C  393 7.15922107675e-05
YBR112C  395 0.0
YBR112C  397 0.0
YBR112C  399 0.0
YBR112C  401 0.0
YBR112C  403 0.0
YBR112C  405 0.0
YBR112C  407 0.0
YBR112C  409 0.0
YBR112C  411 0.0
YBR112C  413 0.0
YBR112C  415 0.0
YBR112C  417 0.0
YBR112C  419 0.0
YBR112C  421 0.0
YBR112C  423 0.0
YBR112C  425 0.0
YBR112C  427 0.0
YBR112C  429 0.0
YBR112C  431 0.0
YBR112C  433 0.0
YBR112C  435 0.0
YBR112C  437 0.0
YBR112C  439 0.0
YBR112C  441 0.0
YBR112C  443 0.0
YBR112C  445 0.0
YBR112C  447 0.0
YBR112C  449 0.0
YBR112C  451 0.0
YBR112C  453 0.0
YBR112C  455 0.0
YBR112C  457 0.000143184421535
YBR112C  458 0.0
YBR112C  459 0.000214776632302
YBR112C  460 0.0
YBR112C  461 0.0
YBR112C  462 0.0
YBR112C  463 0.0
YBR112C  464 0.0
YBR112C  465 0.0
YBR112C  466 0.0
YBR112C  467 0.0
YBR112C  468 0.0
YBR112C  469 0.0
YBR112C  470 0.0
YBR112C  471 0.0
YBR112C  472 0.0
YBR112C  473 0.0
YBR112C  474 0.0
YBR112C  475 0.0
YBR112C  476 0.0
YBR112C  477 0.0
YBR112C  478 0.0
YBR112C  479 0.0
YBR112C  480 0.0
YBR112C  481 0.0
YBR112C  482 0.0
YBR112C  483 0.0
YBR112C  484 0.000214776632302
YBR112C  485 7.15922107675e-05
YBR112C  486 0.000715922107675
YBR112C  487 0.000644329896907
YBR112C  489 0.000357961053837
YBR112C  492 0.000357961053837
YBR112C  494 0.000214776632302
YBR112C  495 0.000214776632302
YBR112C  496 0.00057273768614
YBR112C  497 0.000214776632302
YBR112C  498 0.00028636884307
YBR112C  499 0.00100229095074
YBR112C  500 0.00136025200458
YBR112C  503 0.0
YBR112C  504 0.000143184421535
YBR112C  509 0.000143184421535
YBR112C  510 0.0
YBR112C  512 0.0
YBR112C  513 7.15922107675e-05
YBR112C  515 7.15922107675e-05
YBR112C  517 7.15922107675e-05
YBR112C  518 0.00057273768614
YBR112C  522 7.15922107675e-05
YBR112C  524 7.15922107675e-05
YBR112C  525 7.15922107675e-05
YBR112C  526 0.000214776632302
YBR112C  527 0.0
YBR112C  528 0.000357961053837
YBR112C  532 0.0
YBR112C  536 0.0
YBR112C  537 7.15922107675e-05
YBR112C  538 0.00028636884307
YBR112C  541 0.00028636884307
YBR112C  542 0.000143184421535
YBR112C  543 0.00028636884307
YBR112C  545 0.000715922107675
YBR112C  546 0.0
YBR112C  547 0.000357961053837
YBR112C  548 7.15922107675e-05
YBR112C  550 0.0
YBR112C  553 0.0
YBR112C  554 7.15922107675e-05
YBR112C  555 7.15922107675e-05
YBR112C  556 7.15922107675e-05
YBR112C  557 0.000357961053837
YBR112C  559 0.000143184421535
YBR112C  561 0.000214776632302
YBR112C  563 0.000143184421535
YBR112C  565 7.15922107675e-05
YBR112C  568 0.0
YBR112C  571 0.000501145475372
YBR112C  572 0.000214776632302
YBR112C  573 7.15922107675e-05
YBR112C  574 0.0
YBR112C  575 0.000214776632302
YBR112C  577 0.000143184421535
YBR112C  578 0.000214776632302
YBR112C  582 0.000214776632302
YBR112C  583 0.000501145475372
YBR112C  590 0.000787514318442
YBR112C  591 0.000357961053837
YBR112C  595 7.15922107675e-05
YBR112C  603 7.15922107675e-05
YBR112C  607 0.000787514318442
YBR112C  609 0.000715922107675
YBR112C  612 0.000501145475372
YBR112C  613 0.000214776632302
YBR112C  614 0.000214776632302
YBR112C  616 7.15922107675e-05
YBR112C  619 0.00057273768614
YBR112C  620 0.000214776632302
YBR112C  621 7.15922107675e-05
YBR112C  626 0.000715922107675
YBR112C  628 0.0
YBR112C  629 0.000357961053837
YBR112C  632 0.00121706758305
YBR112C  633 0.00057273768614
YBR112C  635 0.00114547537228
YBR112C  636 0.000214776632302
YBR112C  637 0.000644329896907
YBR112C  638 0.000715922107675
YBR112C  640 0.00100229095074
YBR112C  642 0.00057273768614
YBR112C  645 0.00028636884307
YBR112C  646 0.000429553264605
YBR112C  647 7.15922107675e-05
YBR112C  664 0.000357961053837
YBR112C  666 0.000143184421535
YBR112C  667 0.000143184421535
YBR112C  669 0.00057273768614
YBR112C  672 0.00143184421535
YBR112C  681 7.15922107675e-05
YBR112C  689 0.000214776632302
YBR112C  698 0.00057273768614
YBR112C  701 0.00150343642612
YBR112C  702 0.000501145475372
YBR112C  722 0.000501145475372
YBR112C  725 0.000357961053837
YBR112C  727 0.00028636884307
YBR112C  733 0.0
YBR112C  734 0.000214776632302
YBR112C  748 7.15922107675e-05
YBR112C  774 0.00028636884307
YBR112C  775 0.00057273768614
YBR112C  780 0.000787514318442
YBR112C  795 0.0
YBR112C  800 0.0
YBR112C  804 0.000930698739977
YBR112C  805 0.000357961053837
YBR112C  806 0.000214776632302
YBR112C  812 0.000357961053837
YBR112C  816 0.000143184421535
YBR112C  826 0.000787514318442
YBR112C  833 0.000644329896907
YBR112C  837 7.15922107675e-05
YBR112C  840 7.15922107675e-05
YBR112C  844 0.000357961053837
YBR112C  845 0.00028636884307
YBR112C  847 0.00028636884307
YBR112C  850 0.000501145475372
YBR112C  856 0.000501145475372
YBR112C  857 0.000214776632302
YBR112C  858 0.000787514318442
YBR112C  861 0.00085910652921
YBR112C  863 0.00085910652921
YOL126C  5 0.000429553264605
YOL126C  12 7.15922107675e-05
YOL126C  13 0.000143184421535
YOL126C  17 0.000214776632302
YOL126C  18 0.00085910652921
YOL126C  22 0.0
YOL126C  25 0.0
YOL126C  26 0.0
YOL126C  28 0.000429553264605
YOL126C  33 0.000143184421535
YOL126C  34 7.15922107675e-05
YOL126C  35 0.000357961053837
YOL126C  38 0.0
YOL126C  46 0.00028636884307
YOL126C  53 0.00028636884307
YOL126C  54 0.000644329896907
YOL126C  58 0.000715922107675
YOL126C  61 0.0
YOL126C  62 0.000501145475372
YOL126C  63 0.000501145475372
YOL126C  65 0.00186139747995
YOL126C  74 0.00322164948454
YOL126C  75 0.00028636884307
YOL126C  80 0.000143184421535
YOL126C  81 0.00136025200458
YOL126C  91 0.00028636884307
YOL126C  94 0.000357961053837
YOL126C  102 0.000143184421535
YOL126C  104 7.15922107675e-05
YOL126C  115 7.15922107675e-05
YOL126C  122 0.000429553264605
YOL126C  126 0.000143184421535
YOL126C  128 0.000930698739977
YOL126C  136 0.000357961053837
YOL126C  137 0.000357961053837
YOL126C  143 0.0
YOL126C  146 0.00057273768614
YOL126C  150 0.000501145475372
YOL126C  152 0.000787514318442
YOL126C  154 0.000501145475372
YOL126C  156 0.00121706758305
YOL126C  157 0.000143184421535
YOL126C  168 7.15922107675e-05
YOL126C  172 0.000214776632302
YOL126C  173 0.0
YOL126C  176 0.0
YOL126C  184 0.000143184421535
YOL126C  187 0.000429553264605
YOL126C  188 0.000357961053837
YOL126C  189 0.000143184421535
YOL126C  190 0.00136025200458
YOL126C  194 0.00028636884307
YOL126C  195 0.000644329896907
YOL126C  198 0.000930698739977
YOL126C  200 0.000214776632302
YOL126C  201 0.00157502863688
YOL126C  209 0.000501145475372
YOL126C  210 7.15922107675e-05
YOL126C  214 0.00164662084765
YOL126C  215 0.000644329896907
YOL126C  224 0.000357961053837
YOL126C  230 0.000930698739977
YOL126C  235 0.000357961053837
YOL126C  236 0.000143184421535
YOL126C  239 0.000501145475372
YOL126C  242 0.000501145475372
YOL126C  244 0.000930698739977
YOL126C  249 0.000644329896907
YOL126C  250 0.000429553264605
YOL126C  253 0.0
YOL126C  258 0.000429553264605
YOL126C  260 0.00114547537228
YOL126C  263 0.000429553264605
YOL126C  264 0.0
YOL126C  265 0.000787514318442
YFR010W  2 0.0
YFR010W  3 0.0
YFR010W  6 0.000501145475372
YFR010W  12 0.00322164948454
YFR010W  16 0.00114547537228
YFR010W  18 0.00100229095074
YFR010W  20 0.000501145475372
YFR010W  25 0.00121706758305
YFR010W  30 0.00193298969072
YFR010W  31 0.00114547537228
YFR010W  32 0.00128865979381
YFR010W  34 0.00558419243986
YFR010W  35 0.000357961053837
YFR010W  41 0.00114547537228
YFR010W  44 7.15922107675e-05
YFR010W  46 0.00408075601375
YFR010W  48 0.00143184421535
YFR010W  52 0.000787514318442
YFR010W  53 0.0026489117984
YFR010W  57 0.000214776632302
YFR010W  59 0.000214776632302
YFR010W  60 0.00136025200458
YFR010W  65 0.00486827033219
YFR010W  66 0.000214776632302
YFR010W  67 0.00200458190149
YFR010W  72 0.000715922107675
YFR010W  77 0.000930698739977
YFR010W  81 7.15922107675e-05
YFR010W  83 0.00171821305842
YFR010W  86 0.000501145475372
YFR010W  87 0.00229095074456
YFR010W  90 0.000501145475372
YFR010W  91 0.00128865979381
YFR010W  93 0.00028636884307
YFR010W  94 0.00085910652921
YFR010W  98 0.00114547537228
YFR010W  99 0.00207617411226
YFR010W  101 0.000143184421535
YFR010W  107 0.00057273768614
YFR010W  108 0.00057273768614
YFR010W  116 0.0
YFR010W  119 0.000214776632302
YFR010W  132 0.000501145475372
YFR010W  134 7.15922107675e-05
YFR010W  136 7.15922107675e-05
YFR010W  141 0.00028636884307
YFR010W  147 0.00150343642612
YFR010W  148 0.00178980526919
YFR010W  149 0.000501145475372
YFR010W  158 7.15922107675e-05
YFR010W  162 0.0
YFR010W  163 0.000715922107675
YFR010W  164 0.00164662084765
YFR010W  176 0.00221935853379
YFR010W  177 0.00164662084765
YFR010W  196 0.0
YFR010W  201 0.00100229095074
YFR010W  207 0.00057273768614
YFR010W  208 0.000429553264605
YFR010W  213 0.00243413516609
YFR010W  221 0.00128865979381
YFR010W  224 0.000501145475372
YFR010W  231 0.00028636884307
YFR010W  232 0.000787514318442
YFR010W  236 7.15922107675e-05
YFR010W  238 7.15922107675e-05
YFR010W  240 0.000715922107675
YFR010W  247 0.000930698739977
YFR010W  253 0.00171821305842
YFR010W  257 0.000357961053837
YFR010W  260 0.00121706758305
YFR010W  265 0.000930698739977
YFR010W  270 0.00128865979381
YFR010W  274 0.000357961053837
YFR010W  276 0.0
YFR010W  277 0.000644329896907
YFR010W  281 0.000143184421535
YFR010W  290 0.000715922107675
YFR010W  293 0.00028636884307
YFR010W  297 0.000214776632302
YFR010W  298 7.15922107675e-05
YFR010W  301 0.000214776632302
YFR010W  306 0.00150343642612
YFR010W  307 0.000214776632302
YFR010W  309 0.000357961053837
YFR010W  313 0.000357961053837
YFR010W  315 7.15922107675e-05
YFR010W  318 0.000501145475372
YFR010W  319 0.000787514318442
YFR010W  325 0.000930698739977
YFR010W  326 0.00100229095074
YFR010W  328 0.000143184421535
YFR010W  331 0.00107388316151
YFR010W  333 0.000143184421535
YFR010W  338 0.000143184421535
YFR010W  339 7.15922107675e-05
YFR010W  346 0.000501145475372
YFR010W  347 7.15922107675e-05
YFR010W  349 0.000787514318442
YFR010W  353 0.000429553264605
YFR010W  356 0.000214776632302
YFR010W  366 0.000787514318442
YFR010W  367 0.000357961053837
YFR010W  374 0.00085910652921
YFR010W  387 7.15922107675e-05
YFR010W  390 0.00143184421535
YFR010W  391 0.000429553264605
YFR010W  396 0.000715922107675
YFR010W  399 0.000501145475372
YKR039W  4 7.15922107675e-05
YKR039W  8 0.0
YKR039W  9 0.0
YKR039W  25 0.000214776632302
YKR039W  27 0.0
YKR039W  42 0.0
YKR039W  48 0.0
YKR039W  57 0.0
YKR039W  64 0.0
YKR039W  78 7.15922107675e-05
YKR039W  82 0.000143184421535
YKR039W  84 7.15922107675e-05
YKR039W  100 7.15922107675e-05
YKR039W  101 0.000143184421535
YKR039W  102 0.000214776632302
YKR039W  105 0.000787514318442
YKR039W  117 0.0
YKR039W  118 0.0
YKR039W  136 0.0
YKR039W  137 0.0
YKR039W  139 0.0
YKR039W  145 7.15922107675e-05
YKR039W  146 0.0
YKR039W  149 0.0
YKR039W  152 0.0
YKR039W  153 7.15922107675e-05
YKR039W  157 0.000143184421535
YKR039W  165 0.0
YKR039W  168 0.0
YKR039W  169 0.0
YKR039W  178 0.000143184421535
YKR039W  186 0.0
YKR039W  214 0.000143184421535
YKR039W  218 0.0
YKR039W  222 0.0
YKR039W  227 0.0
YKR039W  233 0.0
YKR039W  243 0.0
YKR039W  245 0.000143184421535
YKR039W  246 0.0
YKR039W  255 0.0
YKR039W  256 0.0
YKR039W  267 0.0
YKR039W  269 0.0
YKR039W  271 0.0
YKR039W  272 0.0
YKR039W  275 0.0
YKR039W  279 0.0
YKR039W  282 0.0
YKR039W  286 7.15922107675e-05
YKR039W  291 7.15922107675e-05
YKR039W  297 7.15922107675e-05
YKR039W  307 0.000357961053837
YKR039W  310 0.0
YKR039W  311 0.0
YKR039W  313 0.0
YKR039W  319 0.0
YKR039W  320 0.0
YKR039W  323 0.0
YKR039W  325 0.0
YKR039W  326 0.0
YKR039W  344 0.0
YKR039W  350 0.0
YKR039W  367 0.0
YKR039W  368 0.0
YKR039W  370 0.0
YKR039W  371 0.0
YKR039W  373 7.15922107675e-05
YKR039W  376 0.0
YKR039W  381 0.0
YKR039W  382 0.0
YKR039W  386 0.0
YKR039W  391 0.000143184421535
YKR039W  413 0.0
YKR039W  421 0.0
YKR039W  422 0.0
YKR039W  423 0.0
YKR039W  425 0.0
YKR039W  438 0.0
YKR039W  445 0.0
YKR039W  446 0.0
YKR039W  447 0.0
YKR039W  448 7.15922107675e-05
YKR039W  449 0.0
YKR039W  451 0.0
YKR039W  452 7.15922107675e-05
YKR039W  455 7.15922107675e-05
YKR039W  458 0.0
YKR039W  459 0.0
YKR039W  462 7.15922107675e-05
YKR039W  466 0.0
YKR039W  467 7.15922107675e-05
YKR039W  473 0.0
YKR039W  475 0.0
YKR039W  479 0.0
YKR039W  485 0.0
YKR039W  491 0.0
YKR039W  492 0.0
YKR039W  497 0.0
YKR039W  502 0.0
YFR026C  3 0.0
YFR026C  5 0.0
YFR026C  11 0.0
YFR026C  13 0.0
YFR026C  16 0.0
YFR026C  17 0.0
YFR026C  18 0.0
YFR026C  19 0.0
YFR026C  20 0.0
YFR026C  24 0.0
YFR026C  26 0.0
YFR026C  27 0.0
YFR026C  32 0.0
YFR026C  34 0.0
YFR026C  41 0.0
YFR026C  43 0.0
YFR026C  46 0.0
YFR026C  49 0.0
YFR026C  60 0.0
YFR026C  61 0.0
YFR026C  68 0.0
YFR026C  69 0.0
